"filename", "language", "Shell Script", "Markdown", "JavaScript", "YAML", "JSON", "Python", "Ignore", "pip requirements", "MS SQL", "Swift", "Dotenv", "Dart", "Properties", "XML", "Docker", "comment", "blank", "total"
"/home/MictDev/Projects/GymPro/apps/gym_mobile_app/README.md", "Markdown", 0, 67, 0, 0, 0, 0, 0, 0, 0, 0, 0, 0, 0, 0, 0, 0, 10, 77
"/home/MictDev/Projects/GymPro/apps/gym_mobile_app/analysis_options.yaml", "YAML", 0, 0, 0, 3, 0, 0, 0, 0, 0, 0, 0, 0, 0, 0, 0, 22, 4, 29
"/home/MictDev/Projects/GymPro/apps/gym_mobile_app/android/app/google-services.json", "JSON", 0, 0, 0, 0, 29, 0, 0, 0, 0, 0, 0, 0, 0, 0, 0, 0, 0, 29
"/home/MictDev/Projects/GymPro/apps/gym_mobile_app/android/app/src/debug/AndroidManifest.xml", "XML", 0, 0, 0, 0, 0, 0, 0, 0, 0, 0, 0, 0, 0, 7, 0, 19, 2, 28
"/home/MictDev/Projects/GymPro/apps/gym_mobile_app/android/app/src/debug/res/xml/network_security_config.xml", "XML", 0, 0, 0, 0, 0, 0, 0, 0, 0, 0, 0, 0, 0, 9, 0, 18, 1, 28
"/home/MictDev/Projects/GymPro/apps/gym_mobile_app/android/app/src/main/AndroidManifest.xml", "XML", 0, 0, 0, 0, 0, 0, 0, 0, 0, 0, 0, 0, 0, 36, 0, 12, 2, 50
"/home/MictDev/Projects/GymPro/apps/gym_mobile_app/android/app/src/main/res/drawable-v21/launch_background.xml", "XML", 0, 0, 0, 0, 0, 0, 0, 0, 0, 0, 0, 0, 0, 4, 0, 7, 2, 13
"/home/MictDev/Projects/GymPro/apps/gym_mobile_app/android/app/src/main/res/drawable/launch_background.xml", "XML", 0, 0, 0, 0, 0, 0, 0, 0, 0, 0, 0, 0, 0, 4, 0, 7, 2, 13
"/home/MictDev/Projects/GymPro/apps/gym_mobile_app/android/app/src/main/res/values-night/styles.xml", "XML", 0, 0, 0, 0, 0, 0, 0, 0, 0, 0, 0, 0, 0, 9, 0, 9, 1, 19
"/home/MictDev/Projects/GymPro/apps/gym_mobile_app/android/app/src/main/res/values/styles.xml", "XML", 0, 0, 0, 0, 0, 0, 0, 0, 0, 0, 0, 0, 0, 9, 0, 9, 1, 19
"/home/MictDev/Projects/GymPro/apps/gym_mobile_app/android/app/src/profile/AndroidManifest.xml", "XML", 0, 0, 0, 0, 0, 0, 0, 0, 0, 0, 0, 0, 0, 3, 0, 4, 1, 8
"/home/MictDev/Projects/GymPro/apps/gym_mobile_app/android/gradle.properties", "Properties", 0, 0, 0, 0, 0, 0, 0, 0, 0, 0, 0, 0, 4, 0, 0, 2, 1, 7
"/home/MictDev/Projects/GymPro/apps/gym_mobile_app/android/gradle/wrapper/gradle-wrapper.properties", "Properties", 0, 0, 0, 0, 0, 0, 0, 0, 0, 0, 0, 0, 5, 0, 0, 0, 1, 6
"/home/MictDev/Projects/GymPro/apps/gym_mobile_app/firebase.json", "JSON", 0, 0, 0, 0, 1, 0, 0, 0, 0, 0, 0, 0, 0, 0, 0, 0, 0, 1
"/home/MictDev/Projects/GymPro/apps/gym_mobile_app/ios/Flutter/ephemeral/flutter_lldb_helper.py", "Python", 0, 0, 0, 0, 0, 17, 0, 0, 0, 0, 0, 0, 0, 0, 0, 10, 6, 33
"/home/MictDev/Projects/GymPro/apps/gym_mobile_app/ios/Flutter/ephemeral/flutter_native_integration.env", "Dotenv", 0, 0, 0, 0, 0, 0, 0, 0, 0, 0, 12, 0, 0, 0, 0, 0, 1, 13
"/home/MictDev/Projects/GymPro/apps/gym_mobile_app/ios/Flutter/flutter_export_environment.sh", "Shell Script", 12, 0, 0, 0, 0, 0, 0, 0, 0, 0, 0, 0, 0, 0, 0, 2, 1, 15
"/home/MictDev/Projects/GymPro/apps/gym_mobile_app/ios/GymProLiveActivity/GymProLiveActivity.swift", "Swift", 0, 0, 0, 0, 0, 0, 0, 0, 0, 180, 0, 0, 0, 0, 0, 28, 22, 230
"/home/MictDev/Projects/GymPro/apps/gym_mobile_app/ios/GymProLiveActivity/GymProLiveActivityBundle.swift", "Swift", 0, 0, 0, 0, 0, 0, 0, 0, 0, 10, 0, 0, 0, 0, 0, 10, 3, 23
"/home/MictDev/Projects/GymPro/apps/gym_mobile_app/ios/GymProLiveActivity/GymProWorkoutAttributes.swift", "Swift", 0, 0, 0, 0, 0, 0, 0, 0, 0, 20, 0, 0, 0, 0, 0, 27, 6, 53
"/home/MictDev/Projects/GymPro/apps/gym_mobile_app/ios/Runner/AppDelegate.swift", "Swift", 0, 0, 0, 0, 0, 0, 0, 0, 0, 17, 0, 0, 0, 0, 0, 11, 7, 35
"/home/MictDev/Projects/GymPro/apps/gym_mobile_app/ios/Runner/LiveActivityBridge.swift", "Swift", 0, 0, 0, 0, 0, 0, 0, 0, 0, 141, 0, 0, 0, 0, 0, 26, 22, 189
"/home/MictDev/Projects/GymPro/apps/gym_mobile_app/lib/core/config/app_config.dart", "Dart", 0, 0, 0, 0, 0, 0, 0, 0, 0, 0, 0, 52, 0, 0, 0, 37, 20, 109
"/home/MictDev/Projects/GymPro/apps/gym_mobile_app/lib/core/errors/exceptions.dart", "Dart", 0, 0, 0, 0, 0, 0, 0, 0, 0, 0, 0, 31, 0, 0, 0, 7, 11, 49
"/home/MictDev/Projects/GymPro/apps/gym_mobile_app/lib/core/errors/failures.dart", "Dart", 0, 0, 0, 0, 0, 0, 0, 0, 0, 0, 0, 31, 0, 0, 0, 10, 12, 53
"/home/MictDev/Projects/GymPro/apps/gym_mobile_app/lib/core/navigation/app_shell.dart", "Dart", 0, 0, 0, 0, 0, 0, 0, 0, 0, 0, 0, 487, 0, 0, 0, 29, 39, 555
"/home/MictDev/Projects/GymPro/apps/gym_mobile_app/lib/core/navigation/nav_destination.dart", "Dart", 0, 0, 0, 0, 0, 0, 0, 0, 0, 0, 0, 46, 0, 0, 0, 4, 5, 55
"/home/MictDev/Projects/GymPro/apps/gym_mobile_app/lib/core/navigation/shell_nav_provider.dart", "Dart", 0, 0, 0, 0, 0, 0, 0, 0, 0, 0, 0, 2, 0, 0, 0, 4, 3, 9
"/home/MictDev/Projects/GymPro/apps/gym_mobile_app/lib/core/network/api_client.dart", "Dart", 0, 0, 0, 0, 0, 0, 0, 0, 0, 0, 0, 105, 0, 0, 0, 13, 15, 133
"/home/MictDev/Projects/GymPro/apps/gym_mobile_app/lib/core/network/auth_interceptor.dart", "Dart", 0, 0, 0, 0, 0, 0, 0, 0, 0, 0, 0, 42, 0, 0, 0, 6, 11, 59
"/home/MictDev/Projects/GymPro/apps/gym_mobile_app/lib/core/network/cache_interceptor.dart", "Dart", 0, 0, 0, 0, 0, 0, 0, 0, 0, 0, 0, 81, 0, 0, 0, 10, 16, 107
"/home/MictDev/Projects/GymPro/apps/gym_mobile_app/lib/core/network/retry_interceptor.dart", "Dart", 0, 0, 0, 0, 0, 0, 0, 0, 0, 0, 0, 67, 0, 0, 0, 14, 17, 98
"/home/MictDev/Projects/GymPro/apps/gym_mobile_app/lib/core/presentation/widgets/glass_surface.dart", "Dart", 0, 0, 0, 0, 0, 0, 0, 0, 0, 0, 0, 116, 0, 0, 0, 24, 17, 157
"/home/MictDev/Projects/GymPro/apps/gym_mobile_app/lib/core/presentation/widgets/premium_loading_overlay.dart", "Dart", 0, 0, 0, 0, 0, 0, 0, 0, 0, 0, 0, 732, 0, 0, 0, 41, 64, 837
"/home/MictDev/Projects/GymPro/apps/gym_mobile_app/lib/core/presentation/widgets/pressable.dart", "Dart", 0, 0, 0, 0, 0, 0, 0, 0, 0, 0, 0, 85, 0, 0, 0, 14, 15, 114
"/home/MictDev/Projects/GymPro/apps/gym_mobile_app/lib/core/services/firebase_background_handler.dart", "Dart", 0, 0, 0, 0, 0, 0, 0, 0, 0, 0, 0, 15, 0, 0, 0, 13, 5, 33
"/home/MictDev/Projects/GymPro/apps/gym_mobile_app/lib/core/services/index.dart", "Dart", 0, 0, 0, 0, 0, 0, 0, 0, 0, 0, 0, 10, 0, 0, 0, 2, 2, 14
"/home/MictDev/Projects/GymPro/apps/gym_mobile_app/lib/core/services/live_activity_service.dart", "Dart", 0, 0, 0, 0, 0, 0, 0, 0, 0, 0, 0, 122, 0, 0, 0, 29, 21, 172
"/home/MictDev/Projects/GymPro/apps/gym_mobile_app/lib/core/services/notification_service.dart", "Dart", 0, 0, 0, 0, 0, 0, 0, 0, 0, 0, 0, 454, 0, 0, 0, 42, 60, 556
"/home/MictDev/Projects/GymPro/apps/gym_mobile_app/lib/core/services/toast_service.dart", "Dart", 0, 0, 0, 0, 0, 0, 0, 0, 0, 0, 0, 155, 0, 0, 0, 9, 11, 175
"/home/MictDev/Projects/GymPro/apps/gym_mobile_app/lib/core/services/wearables/wearable_payloads.dart", "Dart", 0, 0, 0, 0, 0, 0, 0, 0, 0, 0, 0, 141, 0, 0, 0, 8, 22, 171
"/home/MictDev/Projects/GymPro/apps/gym_mobile_app/lib/core/services/wearables/wearable_provider.dart", "Dart", 0, 0, 0, 0, 0, 0, 0, 0, 0, 0, 0, 111, 0, 0, 0, 7, 16, 134
"/home/MictDev/Projects/GymPro/apps/gym_mobile_app/lib/core/services/wearables/wearable_service.dart", "Dart", 0, 0, 0, 0, 0, 0, 0, 0, 0, 0, 0, 152, 0, 0, 0, 18, 37, 207
"/home/MictDev/Projects/GymPro/apps/gym_mobile_app/lib/core/services/widgets/home_widget_service.dart", "Dart", 0, 0, 0, 0, 0, 0, 0, 0, 0, 0, 0, 43, 0, 0, 0, 7, 9, 59
"/home/MictDev/Projects/GymPro/apps/gym_mobile_app/lib/core/services/widgets/live_activity_service.dart", "Dart", 0, 0, 0, 0, 0, 0, 0, 0, 0, 0, 0, 98, 0, 0, 0, 7, 20, 125
"/home/MictDev/Projects/GymPro/apps/gym_mobile_app/lib/core/services/widgets/widget_payloads.dart", "Dart", 0, 0, 0, 0, 0, 0, 0, 0, 0, 0, 0, 114, 0, 0, 0, 7, 14, 135
"/home/MictDev/Projects/GymPro/apps/gym_mobile_app/lib/core/services/widgets/widget_provider.dart", "Dart", 0, 0, 0, 0, 0, 0, 0, 0, 0, 0, 0, 46, 0, 0, 0, 8, 11, 65
"/home/MictDev/Projects/GymPro/apps/gym_mobile_app/lib/core/storage/local_cache_service.dart", "Dart", 0, 0, 0, 0, 0, 0, 0, 0, 0, 0, 0, 112, 0, 0, 0, 18, 22, 152
"/home/MictDev/Projects/GymPro/apps/gym_mobile_app/lib/core/storage/secure_storage_service.dart", "Dart", 0, 0, 0, 0, 0, 0, 0, 0, 0, 0, 0, 74, 0, 0, 0, 12, 14, 100
"/home/MictDev/Projects/GymPro/apps/gym_mobile_app/lib/core/theme/app_colors.dart", "Dart", 0, 0, 0, 0, 0, 0, 0, 0, 0, 0, 0, 106, 0, 0, 0, 28, 20, 154
"/home/MictDev/Projects/GymPro/apps/gym_mobile_app/lib/core/theme/app_theme.dart", "Dart", 0, 0, 0, 0, 0, 0, 0, 0, 0, 0, 0, 175, 0, 0, 0, 15, 15, 205
"/home/MictDev/Projects/GymPro/apps/gym_mobile_app/lib/core/theme/app_typography.dart", "Dart", 0, 0, 0, 0, 0, 0, 0, 0, 0, 0, 0, 205, 0, 0, 0, 16, 24, 245
"/home/MictDev/Projects/GymPro/apps/gym_mobile_app/lib/features/auth/data/datasources/auth_local_data_source.dart", "Dart", 0, 0, 0, 0, 0, 0, 0, 0, 0, 0, 0, 32, 0, 0, 0, 2, 9, 43
"/home/MictDev/Projects/GymPro/apps/gym_mobile_app/lib/features/auth/data/datasources/auth_remote_data_source.dart", "Dart", 0, 0, 0, 0, 0, 0, 0, 0, 0, 0, 0, 131, 0, 0, 0, 13, 21, 165
"/home/MictDev/Projects/GymPro/apps/gym_mobile_app/lib/features/auth/data/datasources/passkey_remote_data_source.dart", "Dart", 0, 0, 0, 0, 0, 0, 0, 0, 0, 0, 0, 119, 0, 0, 0, 13, 18, 150
"/home/MictDev/Projects/GymPro/apps/gym_mobile_app/lib/features/auth/data/models/auth_response_model.dart", "Dart", 0, 0, 0, 0, 0, 0, 0, 0, 0, 0, 0, 41, 0, 0, 0, 2, 7, 50
"/home/MictDev/Projects/GymPro/apps/gym_mobile_app/lib/features/auth/data/models/oauth_credential_model.dart", "Dart", 0, 0, 0, 0, 0, 0, 0, 0, 0, 0, 0, 23, 0, 0, 0, 2, 4, 29
"/home/MictDev/Projects/GymPro/apps/gym_mobile_app/lib/features/auth/data/repositories/auth_repository_impl.dart", "Dart", 0, 0, 0, 0, 0, 0, 0, 0, 0, 0, 0, 127, 0, 0, 0, 9, 17, 153
"/home/MictDev/Projects/GymPro/apps/gym_mobile_app/lib/features/auth/domain/entities/auth_user.dart", "Dart", 0, 0, 0, 0, 0, 0, 0, 0, 0, 0, 0, 29, 0, 0, 0, 2, 5, 36
"/home/MictDev/Projects/GymPro/apps/gym_mobile_app/lib/features/auth/domain/repositories/auth_repository.dart", "Dart", 0, 0, 0, 0, 0, 0, 0, 0, 0, 0, 0, 11, 0, 0, 0, 8, 8, 27
"/home/MictDev/Projects/GymPro/apps/gym_mobile_app/lib/features/auth/domain/usecases/authenticate_with_passkey_usecase.dart", "Dart", 0, 0, 0, 0, 0, 0, 0, 0, 0, 0, 0, 11, 0, 0, 0, 2, 5, 18
"/home/MictDev/Projects/GymPro/apps/gym_mobile_app/lib/features/auth/domain/usecases/login_with_apple_usecase.dart", "Dart", 0, 0, 0, 0, 0, 0, 0, 0, 0, 0, 0, 11, 0, 0, 0, 2, 5, 18
"/home/MictDev/Projects/GymPro/apps/gym_mobile_app/lib/features/auth/domain/usecases/login_with_google_usecase.dart", "Dart", 0, 0, 0, 0, 0, 0, 0, 0, 0, 0, 0, 11, 0, 0, 0, 2, 5, 18
"/home/MictDev/Projects/GymPro/apps/gym_mobile_app/lib/features/auth/domain/usecases/register_passkey_usecase.dart", "Dart", 0, 0, 0, 0, 0, 0, 0, 0, 0, 0, 0, 10, 0, 0, 0, 2, 5, 17
"/home/MictDev/Projects/GymPro/apps/gym_mobile_app/lib/features/auth/presentation/providers/auth_provider.dart", "Dart", 0, 0, 0, 0, 0, 0, 0, 0, 0, 0, 0, 209, 0, 0, 0, 13, 30, 252
"/home/MictDev/Projects/GymPro/apps/gym_mobile_app/lib/features/auth/presentation/providers/registration_provider.dart", "Dart", 0, 0, 0, 0, 0, 0, 0, 0, 0, 0, 0, 141, 0, 0, 0, 22, 21, 184
"/home/MictDev/Projects/GymPro/apps/gym_mobile_app/lib/features/auth/presentation/screens/login_screen.dart", "Dart", 0, 0, 0, 0, 0, 0, 0, 0, 0, 0, 0, 410, 0, 0, 0, 20, 29, 459
"/home/MictDev/Projects/GymPro/apps/gym_mobile_app/lib/features/auth/presentation/screens/registration_screen.dart", "Dart", 0, 0, 0, 0, 0, 0, 0, 0, 0, 0, 0, 495, 0, 0, 0, 14, 30, 539
"/home/MictDev/Projects/GymPro/apps/gym_mobile_app/lib/features/auth/presentation/widgets/auth_error_snackbar.dart", "Dart", 0, 0, 0, 0, 0, 0, 0, 0, 0, 0, 0, 47, 0, 0, 0, 2, 4, 53
"/home/MictDev/Projects/GymPro/apps/gym_mobile_app/lib/features/auth/presentation/widgets/neon_glow_background.dart", "Dart", 0, 0, 0, 0, 0, 0, 0, 0, 0, 0, 0, 70, 0, 0, 0, 8, 8, 86
"/home/MictDev/Projects/GymPro/apps/gym_mobile_app/lib/features/auth/presentation/widgets/neon_text_field.dart", "Dart", 0, 0, 0, 0, 0, 0, 0, 0, 0, 0, 0, 172, 0, 0, 0, 4, 11, 187
"/home/MictDev/Projects/GymPro/apps/gym_mobile_app/lib/features/auth/presentation/widgets/otp_input.dart", "Dart", 0, 0, 0, 0, 0, 0, 0, 0, 0, 0, 0, 195, 0, 0, 0, 4, 24, 223
"/home/MictDev/Projects/GymPro/apps/gym_mobile_app/lib/features/auth/presentation/widgets/signup_progress_bar.dart", "Dart", 0, 0, 0, 0, 0, 0, 0, 0, 0, 0, 0, 97, 0, 0, 0, 3, 7, 107
"/home/MictDev/Projects/GymPro/apps/gym_mobile_app/lib/features/auth/presentation/widgets/social_login_button.dart", "Dart", 0, 0, 0, 0, 0, 0, 0, 0, 0, 0, 0, 87, 0, 0, 0, 2, 6, 95
"/home/MictDev/Projects/GymPro/apps/gym_mobile_app/lib/features/home/presentation/screens/home_dashboard_screen.dart", "Dart", 0, 0, 0, 0, 0, 0, 0, 0, 0, 0, 0, 201, 0, 0, 0, 19, 20, 240
"/home/MictDev/Projects/GymPro/apps/gym_mobile_app/lib/features/home/presentation/widgets/ai_modules_grid.dart", "Dart", 0, 0, 0, 0, 0, 0, 0, 0, 0, 0, 0, 315, 0, 0, 0, 2, 14, 331
"/home/MictDev/Projects/GymPro/apps/gym_mobile_app/lib/features/home/presentation/widgets/dynamic_access_qr_card.dart", "Dart", 0, 0, 0, 0, 0, 0, 0, 0, 0, 0, 0, 280, 0, 0, 0, 6, 13, 299
"/home/MictDev/Projects/GymPro/apps/gym_mobile_app/lib/features/home/presentation/widgets/macro_progress_card.dart", "Dart", 0, 0, 0, 0, 0, 0, 0, 0, 0, 0, 0, 318, 0, 0, 0, 22, 27, 367
"/home/MictDev/Projects/GymPro/apps/gym_mobile_app/lib/features/nutrition/domain/entities/nutrition_entities.dart", "Dart", 0, 0, 0, 0, 0, 0, 0, 0, 0, 0, 0, 192, 0, 0, 0, 7, 23, 222
"/home/MictDev/Projects/GymPro/apps/gym_mobile_app/lib/features/nutrition/presentation/providers/nutrition_provider.dart", "Dart", 0, 0, 0, 0, 0, 0, 0, 0, 0, 0, 0, 359, 0, 0, 0, 11, 19, 389
"/home/MictDev/Projects/GymPro/apps/gym_mobile_app/lib/features/nutrition/presentation/screens/nutrition_main_screen.dart", "Dart", 0, 0, 0, 0, 0, 0, 0, 0, 0, 0, 0, 336, 0, 0, 0, 12, 20, 368
"/home/MictDev/Projects/GymPro/apps/gym_mobile_app/lib/features/nutrition/presentation/screens/nutrition_plan_screen.dart", "Dart", 0, 0, 0, 0, 0, 0, 0, 0, 0, 0, 0, 158, 0, 0, 0, 8, 10, 176
"/home/MictDev/Projects/GymPro/apps/gym_mobile_app/lib/features/nutrition/presentation/widgets/food_search_modal.dart", "Dart", 0, 0, 0, 0, 0, 0, 0, 0, 0, 0, 0, 429, 0, 0, 0, 15, 20, 464
"/home/MictDev/Projects/GymPro/apps/gym_mobile_app/lib/features/nutrition/presentation/widgets/macro_summary_dashboard.dart", "Dart", 0, 0, 0, 0, 0, 0, 0, 0, 0, 0, 0, 481, 0, 0, 0, 14, 22, 517
"/home/MictDev/Projects/GymPro/apps/gym_mobile_app/lib/features/nutrition/presentation/widgets/meal_card.dart", "Dart", 0, 0, 0, 0, 0, 0, 0, 0, 0, 0, 0, 391, 0, 0, 0, 11, 14, 416
"/home/MictDev/Projects/GymPro/apps/gym_mobile_app/lib/features/payment/data/datasources/payment_remote_data_source.dart", "Dart", 0, 0, 0, 0, 0, 0, 0, 0, 0, 0, 0, 42, 0, 0, 0, 2, 7, 51
"/home/MictDev/Projects/GymPro/apps/gym_mobile_app/lib/features/payment/data/repositories/payment_repository_impl.dart", "Dart", 0, 0, 0, 0, 0, 0, 0, 0, 0, 0, 0, 28, 0, 0, 0, 2, 5, 35
"/home/MictDev/Projects/GymPro/apps/gym_mobile_app/lib/features/payment/domain/repositories/payment_repository.dart", "Dart", 0, 0, 0, 0, 0, 0, 0, 0, 0, 0, 0, 9, 0, 0, 0, 3, 3, 15
"/home/MictDev/Projects/GymPro/apps/gym_mobile_app/lib/features/payment/domain/usecases/create_checkout_session_usecase.dart", "Dart", 0, 0, 0, 0, 0, 0, 0, 0, 0, 0, 0, 18, 0, 0, 0, 2, 5, 25
"/home/MictDev/Projects/GymPro/apps/gym_mobile_app/lib/features/payment/presentation/providers/payment_provider.dart", "Dart", 0, 0, 0, 0, 0, 0, 0, 0, 0, 0, 0, 70, 0, 0, 0, 6, 16, 92
"/home/MictDev/Projects/GymPro/apps/gym_mobile_app/lib/features/qr_access/data/datasources/qr_access_remote_data_source.dart", "Dart", 0, 0, 0, 0, 0, 0, 0, 0, 0, 0, 0, 49, 0, 0, 0, 3, 7, 59
"/home/MictDev/Projects/GymPro/apps/gym_mobile_app/lib/features/qr_access/data/models/access_qr_token_model.dart", "Dart", 0, 0, 0, 0, 0, 0, 0, 0, 0, 0, 0, 24, 0, 0, 0, 2, 7, 33
"/home/MictDev/Projects/GymPro/apps/gym_mobile_app/lib/features/qr_access/data/repositories/qr_access_repository_impl.dart", "Dart", 0, 0, 0, 0, 0, 0, 0, 0, 0, 0, 0, 23, 0, 0, 0, 2, 5, 30
"/home/MictDev/Projects/GymPro/apps/gym_mobile_app/lib/features/qr_access/domain/entities/access_qr_token.dart", "Dart", 0, 0, 0, 0, 0, 0, 0, 0, 0, 0, 0, 14, 0, 0, 0, 3, 6, 23
"/home/MictDev/Projects/GymPro/apps/gym_mobile_app/lib/features/qr_access/domain/repositories/qr_access_repository.dart", "Dart", 0, 0, 0, 0, 0, 0, 0, 0, 0, 0, 0, 6, 0, 0, 0, 4, 3, 13
"/home/MictDev/Projects/GymPro/apps/gym_mobile_app/lib/features/qr_access/domain/usecases/generate_dynamic_qr_usecase.dart", "Dart", 0, 0, 0, 0, 0, 0, 0, 0, 0, 0, 0, 11, 0, 0, 0, 2, 5, 18
"/home/MictDev/Projects/GymPro/apps/gym_mobile_app/lib/features/qr_access/presentation/providers/qr_access_provider.dart", "Dart", 0, 0, 0, 0, 0, 0, 0, 0, 0, 0, 0, 138, 0, 0, 0, 11, 23, 172
"/home/MictDev/Projects/GymPro/apps/gym_mobile_app/lib/features/qr_access/presentation/screens/qr_access_screen.dart", "Dart", 0, 0, 0, 0, 0, 0, 0, 0, 0, 0, 0, 221, 0, 0, 0, 6, 13, 240
"/home/MictDev/Projects/GymPro/apps/gym_mobile_app/lib/features/subscription/data/datasources/subscription_realtime_service.dart", "Dart", 0, 0, 0, 0, 0, 0, 0, 0, 0, 0, 0, 48, 0, 0, 0, 15, 8, 71
"/home/MictDev/Projects/GymPro/apps/gym_mobile_app/lib/features/subscription/data/datasources/subscription_remote_data_source.dart", "Dart", 0, 0, 0, 0, 0, 0, 0, 0, 0, 0, 0, 55, 0, 0, 0, 6, 7, 68
"/home/MictDev/Projects/GymPro/apps/gym_mobile_app/lib/features/subscription/data/models/user_subscription_model.dart", "Dart", 0, 0, 0, 0, 0, 0, 0, 0, 0, 0, 0, 25, 0, 0, 0, 3, 6, 34
"/home/MictDev/Projects/GymPro/apps/gym_mobile_app/lib/features/subscription/data/repositories/subscription_repository_impl.dart", "Dart", 0, 0, 0, 0, 0, 0, 0, 0, 0, 0, 0, 21, 0, 0, 0, 2, 5, 28
"/home/MictDev/Projects/GymPro/apps/gym_mobile_app/lib/features/subscription/domain/entities/user_subscription.dart", "Dart", 0, 0, 0, 0, 0, 0, 0, 0, 0, 0, 0, 25, 0, 0, 0, 4, 7, 36
"/home/MictDev/Projects/GymPro/apps/gym_mobile_app/lib/features/subscription/domain/repositories/subscription_repository.dart", "Dart", 0, 0, 0, 0, 0, 0, 0, 0, 0, 0, 0, 6, 0, 0, 0, 3, 3, 12
"/home/MictDev/Projects/GymPro/apps/gym_mobile_app/lib/features/subscription/domain/usecases/get_subscription_status_usecase.dart", "Dart", 0, 0, 0, 0, 0, 0, 0, 0, 0, 0, 0, 11, 0, 0, 0, 2, 5, 18
"/home/MictDev/Projects/GymPro/apps/gym_mobile_app/lib/features/subscription/presentation/providers/subscription_provider.dart", "Dart", 0, 0, 0, 0, 0, 0, 0, 0, 0, 0, 0, 89, 0, 0, 0, 12, 14, 115
"/home/MictDev/Projects/GymPro/apps/gym_mobile_app/lib/features/subscription/presentation/screens/settings_and_billing_screen.dart", "Dart", 0, 0, 0, 0, 0, 0, 0, 0, 0, 0, 0, 1112, 0, 0, 0, 30, 56, 1198
"/home/MictDev/Projects/GymPro/apps/gym_mobile_app/lib/features/subscription/presentation/screens/subscription_screen.dart", "Dart", 0, 0, 0, 0, 0, 0, 0, 0, 0, 0, 0, 347, 0, 0, 0, 10, 19, 376
"/home/MictDev/Projects/GymPro/apps/gym_mobile_app/lib/features/workout/domain/entities/workout_entities.dart", "Dart", 0, 0, 0, 0, 0, 0, 0, 0, 0, 0, 0, 97, 0, 0, 0, 9, 16, 122
"/home/MictDev/Projects/GymPro/apps/gym_mobile_app/lib/features/workout/domain/muscle_catalog.dart", "Dart", 0, 0, 0, 0, 0, 0, 0, 0, 0, 0, 0, 63, 0, 0, 0, 23, 24, 110
"/home/MictDev/Projects/GymPro/apps/gym_mobile_app/lib/features/workout/presentation/providers/workout_provider.dart", "Dart", 0, 0, 0, 0, 0, 0, 0, 0, 0, 0, 0, 229, 0, 0, 0, 6, 13, 248
"/home/MictDev/Projects/GymPro/apps/gym_mobile_app/lib/features/workout/presentation/screens/workout_main_screen.dart", "Dart", 0, 0, 0, 0, 0, 0, 0, 0, 0, 0, 0, 183, 0, 0, 0, 9, 9, 201
"/home/MictDev/Projects/GymPro/apps/gym_mobile_app/lib/features/workout/presentation/screens/workout_plan_screen.dart", "Dart", 0, 0, 0, 0, 0, 0, 0, 0, 0, 0, 0, 497, 0, 0, 0, 23, 32, 552
"/home/MictDev/Projects/GymPro/apps/gym_mobile_app/lib/features/workout/presentation/widgets/interactive_anatomy_map.dart", "Dart", 0, 0, 0, 0, 0, 0, 0, 0, 0, 0, 0, 792, 0, 0, 0, 91, 74, 957
"/home/MictDev/Projects/GymPro/apps/gym_mobile_app/lib/firebase_options.dart", "Dart", 0, 0, 0, 0, 0, 0, 0, 0, 0, 0, 0, 53, 0, 0, 0, 12, 4, 69
"/home/MictDev/Projects/GymPro/apps/gym_mobile_app/lib/main.dart", "Dart", 0, 0, 0, 0, 0, 0, 0, 0, 0, 0, 0, 90, 0, 0, 0, 28, 14, 132
"/home/MictDev/Projects/GymPro/apps/gym_mobile_app/pubspec.yaml", "YAML", 0, 0, 0, 35, 0, 0, 0, 0, 0, 0, 0, 0, 0, 0, 0, 6, 11, 52
"/home/MictDev/Projects/GymPro/apps/gym_mobile_app/test/widget_test.dart", "Dart", 0, 0, 0, 0, 0, 0, 0, 0, 0, 0, 0, 14, 0, 0, 0, 10, 7, 31
"/home/MictDev/Projects/GymPro/docker-compose.yml", "YAML", 0, 0, 0, 171, 0, 0, 0, 0, 0, 0, 0, 0, 0, 0, 0, 36, 13, 220
"/home/MictDev/Projects/GymPro/docs/database/schemas/01_create_schemas_and_tables.sql", "MS SQL", 0, 0, 0, 0, 0, 0, 0, 0, 360, 0, 0, 0, 0, 0, 0, 202, 137, 699
"/home/MictDev/Projects/GymPro/docs/database/schemas/02_fitness_service_db.sql", "MS SQL", 0, 0, 0, 0, 0, 0, 0, 0, 210, 0, 0, 0, 0, 0, 0, 111, 90, 411
"/home/MictDev/Projects/GymPro/docs/database/schemas/migrations/003_add_pin_terminal_to_usuarios.sql", "MS SQL", 0, 0, 0, 0, 0, 0, 0, 0, 46, 0, 0, 0, 0, 0, 0, 24, 11, 81
"/home/MictDev/Projects/GymPro/docs/database/schemas/migrations/004_add_historial_pagos_and_courtesy.sql", "MS SQL", 0, 0, 0, 0, 0, 0, 0, 0, 46, 0, 0, 0, 0, 0, 0, 40, 16, 102
"/home/MictDev/Projects/GymPro/docs/database/schemas/migrations/005_add_qr_nonces_consumidos.sql", "MS SQL", 0, 0, 0, 0, 0, 0, 0, 0, 15, 0, 0, 0, 0, 0, 0, 23, 6, 44
"/home/MictDev/Projects/GymPro/docs/database/schemas/migrations/006_webhook_events_procesados.sql", "MS SQL", 0, 0, 0, 0, 0, 0, 0, 0, 16, 0, 0, 0, 0, 0, 0, 24, 6, 46
"/home/MictDev/Projects/GymPro/docs/guides/access-service-security-audit.md", "Markdown", 0, 114, 0, 0, 0, 0, 0, 0, 0, 0, 0, 0, 0, 0, 0, 0, 30, 144
"/home/MictDev/Projects/GymPro/docs/guides/ai-services-audit.md", "Markdown", 0, 190, 0, 0, 0, 0, 0, 0, 0, 0, 0, 0, 0, 0, 0, 0, 58, 248
"/home/MictDev/Projects/GymPro/docs/guides/auth-service-security-audit.md", "Markdown", 0, 111, 0, 0, 0, 0, 0, 0, 0, 0, 0, 0, 0, 0, 0, 0, 28, 139
"/home/MictDev/Projects/GymPro/docs/guides/cash-payment-flow.md", "Markdown", 0, 113, 0, 0, 0, 0, 0, 0, 0, 0, 0, 0, 0, 0, 0, 0, 27, 140
"/home/MictDev/Projects/GymPro/docs/guides/emails-and-live-activities.md", "Markdown", 0, 153, 0, 0, 0, 0, 0, 0, 0, 0, 0, 0, 0, 0, 0, 0, 43, 196
"/home/MictDev/Projects/GymPro/docs/guides/neon-sport-art-direction.md", "Markdown", 0, 98, 0, 0, 0, 0, 0, 0, 0, 0, 0, 0, 0, 0, 0, 0, 33, 131
"/home/MictDev/Projects/GymPro/docs/guides/nutrition-ux-audit.md", "Markdown", 0, 110, 0, 0, 0, 0, 0, 0, 0, 0, 0, 0, 0, 0, 0, 0, 28, 138
"/home/MictDev/Projects/GymPro/docs/guides/payment-service-fintech-audit.md", "Markdown", 0, 111, 0, 0, 0, 0, 0, 0, 0, 0, 0, 0, 0, 0, 0, 0, 28, 139
"/home/MictDev/Projects/GymPro/docs/guides/railway-deployment.md", "Markdown", 0, 250, 0, 0, 0, 0, 0, 0, 0, 0, 0, 0, 0, 0, 0, 0, 62, 312
"/home/MictDev/Projects/GymPro/docs/guides/theme-accessibility-audit.md", "Markdown", 0, 90, 0, 0, 0, 0, 0, 0, 0, 0, 0, 0, 0, 0, 0, 0, 26, 116
"/home/MictDev/Projects/GymPro/docs/guides/ui-performance-audit.md", "Markdown", 0, 120, 0, 0, 0, 0, 0, 0, 0, 0, 0, 0, 0, 0, 0, 0, 35, 155
"/home/MictDev/Projects/GymPro/packages_shared/package.json", "JSON", 0, 0, 0, 0, 28, 0, 0, 0, 0, 0, 0, 0, 0, 0, 0, 0, 1, 29
"/home/MictDev/Projects/GymPro/packages_shared/security/corsConfig.js", "JavaScript", 0, 0, 76, 0, 0, 0, 0, 0, 0, 0, 0, 0, 0, 0, 0, 65, 23, 164
"/home/MictDev/Projects/GymPro/packages_shared/security/errorHandler.js", "JavaScript", 0, 0, 126, 0, 0, 0, 0, 0, 0, 0, 0, 0, 0, 0, 0, 57, 22, 205
"/home/MictDev/Projects/GymPro/packages_shared/security/helmetConfig.js", "JavaScript", 0, 0, 65, 0, 0, 0, 0, 0, 0, 0, 0, 0, 0, 0, 0, 91, 23, 179
"/home/MictDev/Projects/GymPro/packages_shared/security/index.js", "JavaScript", 0, 0, 67, 0, 0, 0, 0, 0, 0, 0, 0, 0, 0, 0, 0, 67, 22, 156
"/home/MictDev/Projects/GymPro/packages_shared/security/inputSanitizer.js", "JavaScript", 0, 0, 180, 0, 0, 0, 0, 0, 0, 0, 0, 0, 0, 0, 0, 115, 35, 330
"/home/MictDev/Projects/GymPro/packages_shared/security/inputSanitizer.test.js", "JavaScript", 0, 0, 127, 0, 0, 0, 0, 0, 0, 0, 0, 0, 0, 0, 0, 15, 23, 165
"/home/MictDev/Projects/GymPro/packages_shared/security/jwtVerify.js", "JavaScript", 0, 0, 117, 0, 0, 0, 0, 0, 0, 0, 0, 0, 0, 0, 0, 56, 28, 201
"/home/MictDev/Projects/GymPro/packages_shared/security/logger.js", "JavaScript", 0, 0, 49, 0, 0, 0, 0, 0, 0, 0, 0, 0, 0, 0, 0, 54, 13, 116
"/home/MictDev/Projects/GymPro/packages_shared/security/rateLimiter.js", "JavaScript", 0, 0, 101, 0, 0, 0, 0, 0, 0, 0, 0, 0, 0, 0, 0, 108, 20, 229
"/home/MictDev/Projects/GymPro/scripts/check-secrets.sh", "Shell Script", 81, 0, 0, 0, 0, 0, 0, 0, 0, 0, 0, 0, 0, 0, 0, 36, 15, 132
"/home/MictDev/Projects/GymPro/scripts/preflight.sh", "Shell Script", 174, 0, 0, 0, 0, 0, 0, 0, 0, 0, 0, 0, 0, 0, 0, 41, 34, 249
"/home/MictDev/Projects/GymPro/scripts/seed/run_all_seeds.sh", "Shell Script", 72, 0, 0, 0, 0, 0, 0, 0, 0, 0, 0, 0, 0, 0, 0, 25, 13, 110
"/home/MictDev/Projects/GymPro/scripts/seed/seed_alimentos_off.js", "JavaScript", 0, 0, 417, 0, 0, 0, 0, 0, 0, 0, 0, 0, 0, 0, 0, 94, 75, 586
"/home/MictDev/Projects/GymPro/scripts/seed/seed_ejercicios_wger.js", "JavaScript", 0, 0, 317, 0, 0, 0, 0, 0, 0, 0, 0, 0, 0, 0, 0, 83, 54, 454
"/home/MictDev/Projects/GymPro/scripts/sync-secrets.sh", "Shell Script", 73, 0, 0, 0, 0, 0, 0, 0, 0, 0, 0, 0, 0, 0, 0, 35, 15, 123
"/home/MictDev/Projects/GymPro/services/.dockerignore", "Ignore", 0, 0, 0, 0, 0, 0, 37, 0, 0, 0, 0, 0, 0, 0, 0, 15, 11, 63
"/home/MictDev/Projects/GymPro/services/access-service/Dockerfile", "Docker", 0, 0, 0, 0, 0, 0, 0, 0, 0, 0, 0, 0, 0, 0, 27, 5, 7, 39
"/home/MictDev/Projects/GymPro/services/access-service/package-lock.json", "JSON", 0, 0, 0, 0, 6470, 0, 0, 0, 0, 0, 0, 0, 0, 0, 0, 0, 1, 6471
"/home/MictDev/Projects/GymPro/services/access-service/package.json", "JSON", 0, 0, 0, 0, 36, 0, 0, 0, 0, 0, 0, 0, 0, 0, 0, 0, 1, 37
"/home/MictDev/Projects/GymPro/services/access-service/src/config/database.js", "JavaScript", 0, 0, 28, 0, 0, 0, 0, 0, 0, 0, 0, 0, 0, 0, 0, 4, 6, 38
"/home/MictDev/Projects/GymPro/services/access-service/src/config/environment.js", "JavaScript", 0, 0, 68, 0, 0, 0, 0, 0, 0, 0, 0, 0, 0, 0, 0, 19, 10, 97
"/home/MictDev/Projects/GymPro/services/access-service/src/controllers/internalController.js", "JavaScript", 0, 0, 70, 0, 0, 0, 0, 0, 0, 0, 0, 0, 0, 0, 0, 23, 19, 112
"/home/MictDev/Projects/GymPro/services/access-service/src/controllers/qrController.js", "JavaScript", 0, 0, 178, 0, 0, 0, 0, 0, 0, 0, 0, 0, 0, 0, 0, 36, 30, 244
"/home/MictDev/Projects/GymPro/services/access-service/src/controllers/ticketController.js", "JavaScript", 0, 0, 121, 0, 0, 0, 0, 0, 0, 0, 0, 0, 0, 0, 0, 31, 22, 174
"/home/MictDev/Projects/GymPro/services/access-service/src/controllers/zkAdmsController.js", "JavaScript", 0, 0, 137, 0, 0, 0, 0, 0, 0, 0, 0, 0, 0, 0, 0, 38, 30, 205
"/home/MictDev/Projects/GymPro/services/access-service/src/main.js", "JavaScript", 0, 0, 94, 0, 0, 0, 0, 0, 0, 0, 0, 0, 0, 0, 0, 22, 24, 140
"/home/MictDev/Projects/GymPro/services/access-service/src/middlewares/admsDeviceAuth.js", "JavaScript", 0, 0, 44, 0, 0, 0, 0, 0, 0, 0, 0, 0, 0, 0, 0, 25, 13, 82
"/home/MictDev/Projects/GymPro/services/access-service/src/middlewares/interServiceAuth.js", "JavaScript", 0, 0, 31, 0, 0, 0, 0, 0, 0, 0, 0, 0, 0, 0, 0, 9, 11, 51
"/home/MictDev/Projects/GymPro/services/access-service/src/middlewares/jwtVerify.js", "JavaScript", 0, 0, 6, 0, 0, 0, 0, 0, 0, 0, 0, 0, 0, 0, 0, 5, 3, 14
"/home/MictDev/Projects/GymPro/services/access-service/src/middlewares/turnstileAuth.js", "JavaScript", 0, 0, 38, 0, 0, 0, 0, 0, 0, 0, 0, 0, 0, 0, 0, 6, 13, 57
"/home/MictDev/Projects/GymPro/services/access-service/src/models/accessModel.js", "JavaScript", 0, 0, 214, 0, 0, 0, 0, 0, 0, 0, 0, 0, 0, 0, 0, 94, 32, 340
"/home/MictDev/Projects/GymPro/services/access-service/src/routes/accessRoutes.js", "JavaScript", 0, 0, 45, 0, 0, 0, 0, 0, 0, 0, 0, 0, 0, 0, 0, 7, 9, 61
"/home/MictDev/Projects/GymPro/services/access-service/src/routes/internalRoutes.js", "JavaScript", 0, 0, 38, 0, 0, 0, 0, 0, 0, 0, 0, 0, 0, 0, 0, 5, 8, 51
"/home/MictDev/Projects/GymPro/services/access-service/src/routes/qrRoutes.js", "JavaScript", 0, 0, 28, 0, 0, 0, 0, 0, 0, 0, 0, 0, 0, 0, 0, 6, 8, 42
"/home/MictDev/Projects/GymPro/services/access-service/src/routes/ticketRoutes.js", "JavaScript", 0, 0, 39, 0, 0, 0, 0, 0, 0, 0, 0, 0, 0, 0, 0, 6, 8, 53
"/home/MictDev/Projects/GymPro/services/access-service/src/routes/zkAdmsRoutes.js", "JavaScript", 0, 0, 46, 0, 0, 0, 0, 0, 0, 0, 0, 0, 0, 0, 0, 11, 13, 70
"/home/MictDev/Projects/GymPro/services/access-service/src/services/cryptoService.js", "JavaScript", 0, 0, 64, 0, 0, 0, 0, 0, 0, 0, 0, 0, 0, 0, 0, 46, 21, 131
"/home/MictDev/Projects/GymPro/services/access-service/src/services/paymentClientService.js", "JavaScript", 0, 0, 93, 0, 0, 0, 0, 0, 0, 0, 0, 0, 0, 0, 0, 20, 15, 128
"/home/MictDev/Projects/GymPro/services/access-service/src/services/zkAdmsService.js", "JavaScript", 0, 0, 254, 0, 0, 0, 0, 0, 0, 0, 0, 0, 0, 0, 0, 107, 53, 414
"/home/MictDev/Projects/GymPro/services/ai-service/Dockerfile", "Docker", 0, 0, 0, 0, 0, 0, 0, 0, 0, 0, 0, 0, 0, 0, 27, 5, 7, 39
"/home/MictDev/Projects/GymPro/services/ai-service/package-lock.json", "JSON", 0, 0, 0, 0, 6470, 0, 0, 0, 0, 0, 0, 0, 0, 0, 0, 0, 1, 6471
"/home/MictDev/Projects/GymPro/services/ai-service/package.json", "JSON", 0, 0, 0, 0, 36, 0, 0, 0, 0, 0, 0, 0, 0, 0, 0, 0, 1, 37
"/home/MictDev/Projects/GymPro/services/ai-service/src/config/database.js", "JavaScript", 0, 0, 28, 0, 0, 0, 0, 0, 0, 0, 0, 0, 0, 0, 0, 4, 6, 38
"/home/MictDev/Projects/GymPro/services/ai-service/src/config/environment.js", "JavaScript", 0, 0, 72, 0, 0, 0, 0, 0, 0, 0, 0, 0, 0, 0, 0, 14, 9, 95
"/home/MictDev/Projects/GymPro/services/ai-service/src/constants/muscleGroups.js", "JavaScript", 0, 0, 55, 0, 0, 0, 0, 0, 0, 0, 0, 0, 0, 0, 0, 30, 17, 102
"/home/MictDev/Projects/GymPro/services/ai-service/src/controllers/chatController.js", "JavaScript", 0, 0, 43, 0, 0, 0, 0, 0, 0, 0, 0, 0, 0, 0, 0, 16, 12, 71
"/home/MictDev/Projects/GymPro/services/ai-service/src/controllers/recommendationController.js", "JavaScript", 0, 0, 190, 0, 0, 0, 0, 0, 0, 0, 0, 0, 0, 0, 0, 33, 36, 259
"/home/MictDev/Projects/GymPro/services/ai-service/src/main.js", "JavaScript", 0, 0, 138, 0, 0, 0, 0, 0, 0, 0, 0, 0, 0, 0, 0, 50, 25, 213
"/home/MictDev/Projects/GymPro/services/ai-service/src/middlewares/jwtVerify.js", "JavaScript", 0, 0, 5, 0, 0, 0, 0, 0, 0, 0, 0, 0, 0, 0, 0, 6, 3, 14
"/home/MictDev/Projects/GymPro/services/ai-service/src/routes/chatRoutes.js", "JavaScript", 0, 0, 25, 0, 0, 0, 0, 0, 0, 0, 0, 0, 0, 0, 0, 5, 7, 37
"/home/MictDev/Projects/GymPro/services/ai-service/src/routes/recommendationRoutes.js", "JavaScript", 0, 0, 35, 0, 0, 0, 0, 0, 0, 0, 0, 0, 0, 0, 0, 6, 8, 49
"/home/MictDev/Projects/GymPro/services/ai-service/src/services/fitnessContextClient.js", "JavaScript", 0, 0, 33, 0, 0, 0, 0, 0, 0, 0, 0, 0, 0, 0, 0, 10, 9, 52
"/home/MictDev/Projects/GymPro/services/ai-service/src/services/foodCatalogClient.js", "JavaScript", 0, 0, 45, 0, 0, 0, 0, 0, 0, 0, 0, 0, 0, 0, 0, 20, 9, 74
"/home/MictDev/Projects/GymPro/services/ai-service/src/services/foodReconciliationService.js", "JavaScript", 0, 0, 116, 0, 0, 0, 0, 0, 0, 0, 0, 0, 0, 0, 0, 46, 19, 181
"/home/MictDev/Projects/GymPro/services/ai-service/src/services/historyWindowService.js", "JavaScript", 0, 0, 54, 0, 0, 0, 0, 0, 0, 0, 0, 0, 0, 0, 0, 50, 16, 120
"/home/MictDev/Projects/GymPro/services/ai-service/src/services/llmClientService.js", "JavaScript", 0, 0, 218, 0, 0, 0, 0, 0, 0, 0, 0, 0, 0, 0, 0, 43, 37, 298
"/home/MictDev/Projects/GymPro/services/ai-service/src/services/macroSanitizer.js", "JavaScript", 0, 0, 99, 0, 0, 0, 0, 0, 0, 0, 0, 0, 0, 0, 0, 36, 19, 154
"/home/MictDev/Projects/GymPro/services/ai-service/src/services/modelHealthCheck.js", "JavaScript", 0, 0, 79, 0, 0, 0, 0, 0, 0, 0, 0, 0, 0, 0, 0, 35, 18, 132
"/home/MictDev/Projects/GymPro/services/ai-service/src/services/muscleValidator.js", "JavaScript", 0, 0, 135, 0, 0, 0, 0, 0, 0, 0, 0, 0, 0, 0, 0, 50, 23, 208
"/home/MictDev/Projects/GymPro/services/ai-service/src/services/sanitizerService.js", "JavaScript", 0, 0, 51, 0, 0, 0, 0, 0, 0, 0, 0, 0, 0, 0, 0, 19, 12, 82
"/home/MictDev/Projects/GymPro/services/ai-service/src/services/structuredOutputSchemas.js", "JavaScript", 0, 0, 118, 0, 0, 0, 0, 0, 0, 0, 0, 0, 0, 0, 0, 21, 7, 146
"/home/MictDev/Projects/GymPro/services/auth-service/Dockerfile", "Docker", 0, 0, 0, 0, 0, 0, 0, 0, 0, 0, 0, 0, 0, 0, 27, 5, 7, 39
"/home/MictDev/Projects/GymPro/services/auth-service/package-lock.json", "JSON", 0, 0, 0, 0, 7316, 0, 0, 0, 0, 0, 0, 0, 0, 0, 0, 0, 1, 7317
"/home/MictDev/Projects/GymPro/services/auth-service/package.json", "JSON", 0, 0, 0, 0, 42, 0, 0, 0, 0, 0, 0, 0, 0, 0, 0, 0, 1, 43
"/home/MictDev/Projects/GymPro/services/auth-service/src/config/database.js", "JavaScript", 0, 0, 41, 0, 0, 0, 0, 0, 0, 0, 0, 0, 0, 0, 0, 26, 11, 78
"/home/MictDev/Projects/GymPro/services/auth-service/src/config/environment.js", "JavaScript", 0, 0, 97, 0, 0, 0, 0, 0, 0, 0, 0, 0, 0, 0, 0, 19, 24, 140
"/home/MictDev/Projects/GymPro/services/auth-service/src/controllers/authController.js", "JavaScript", 0, 0, 315, 0, 0, 0, 0, 0, 0, 0, 0, 0, 0, 0, 0, 81, 68, 464
"/home/MictDev/Projects/GymPro/services/auth-service/src/controllers/passkeyController.js", "JavaScript", 0, 0, 294, 0, 0, 0, 0, 0, 0, 0, 0, 0, 0, 0, 0, 64, 47, 405
"/home/MictDev/Projects/GymPro/services/auth-service/src/controllers/passwordController.js", "JavaScript", 0, 0, 93, 0, 0, 0, 0, 0, 0, 0, 0, 0, 0, 0, 0, 30, 30, 153
"/home/MictDev/Projects/GymPro/services/auth-service/src/main.js", "JavaScript", 0, 0, 99, 0, 0, 0, 0, 0, 0, 0, 0, 0, 0, 0, 0, 45, 27, 171
"/home/MictDev/Projects/GymPro/services/auth-service/src/middlewares/inputSanitizer.js", "JavaScript", 0, 0, 42, 0, 0, 0, 0, 0, 0, 0, 0, 0, 0, 0, 0, 42, 7, 91
"/home/MictDev/Projects/GymPro/services/auth-service/src/middlewares/jwtVerify.js", "JavaScript", 0, 0, 133, 0, 0, 0, 0, 0, 0, 0, 0, 0, 0, 0, 0, 47, 28, 208
"/home/MictDev/Projects/GymPro/services/auth-service/src/models/passkeyModel.js", "JavaScript", 0, 0, 123, 0, 0, 0, 0, 0, 0, 0, 0, 0, 0, 0, 0, 54, 31, 208
"/home/MictDev/Projects/GymPro/services/auth-service/src/models/resetTokenModel.js", "JavaScript", 0, 0, 48, 0, 0, 0, 0, 0, 0, 0, 0, 0, 0, 0, 0, 26, 16, 90
"/home/MictDev/Projects/GymPro/services/auth-service/src/models/userModel.js", "JavaScript", 0, 0, 259, 0, 0, 0, 0, 0, 0, 0, 0, 0, 0, 0, 0, 119, 55, 433
"/home/MictDev/Projects/GymPro/services/auth-service/src/routes/authRoutes.js", "JavaScript", 0, 0, 101, 0, 0, 0, 0, 0, 0, 0, 0, 0, 0, 0, 0, 36, 21, 158
"/home/MictDev/Projects/GymPro/services/auth-service/src/routes/passkeyRoutes.js", "JavaScript", 0, 0, 24, 0, 0, 0, 0, 0, 0, 0, 0, 0, 0, 0, 0, 6, 9, 39
"/home/MictDev/Projects/GymPro/services/auth-service/src/routes/passwordRoutes.js", "JavaScript", 0, 0, 47, 0, 0, 0, 0, 0, 0, 0, 0, 0, 0, 0, 0, 8, 10, 65
"/home/MictDev/Projects/GymPro/services/auth-service/src/services/emailService.js", "JavaScript", 0, 0, 86, 0, 0, 0, 0, 0, 0, 0, 0, 0, 0, 0, 0, 39, 14, 139
"/home/MictDev/Projects/GymPro/services/auth-service/src/services/tokenService.js", "JavaScript", 0, 0, 56, 0, 0, 0, 0, 0, 0, 0, 0, 0, 0, 0, 0, 57, 14, 127
"/home/MictDev/Projects/GymPro/services/fitness-service/Dockerfile", "Docker", 0, 0, 0, 0, 0, 0, 0, 0, 0, 0, 0, 0, 0, 0, 27, 5, 7, 39
"/home/MictDev/Projects/GymPro/services/fitness-service/package-lock.json", "JSON", 0, 0, 0, 0, 6917, 0, 0, 0, 0, 0, 0, 0, 0, 0, 0, 0, 1, 6918
"/home/MictDev/Projects/GymPro/services/fitness-service/package.json", "JSON", 0, 0, 0, 0, 38, 0, 0, 0, 0, 0, 0, 0, 0, 0, 0, 0, 1, 39
"/home/MictDev/Projects/GymPro/services/fitness-service/src/config/database.js", "JavaScript", 0, 0, 28, 0, 0, 0, 0, 0, 0, 0, 0, 0, 0, 0, 0, 4, 6, 38
"/home/MictDev/Projects/GymPro/services/fitness-service/src/config/environment.js", "JavaScript", 0, 0, 78, 0, 0, 0, 0, 0, 0, 0, 0, 0, 0, 0, 0, 7, 7, 92
"/home/MictDev/Projects/GymPro/services/fitness-service/src/controllers/emailController.js", "JavaScript", 0, 0, 46, 0, 0, 0, 0, 0, 0, 0, 0, 0, 0, 0, 0, 14, 11, 71
"/home/MictDev/Projects/GymPro/services/fitness-service/src/controllers/exerciseController.js", "JavaScript", 0, 0, 45, 0, 0, 0, 0, 0, 0, 0, 0, 0, 0, 0, 0, 12, 11, 68
"/home/MictDev/Projects/GymPro/services/fitness-service/src/controllers/foodController.js", "JavaScript", 0, 0, 181, 0, 0, 0, 0, 0, 0, 0, 0, 0, 0, 0, 0, 16, 19, 216
"/home/MictDev/Projects/GymPro/services/fitness-service/src/controllers/internalController.js", "JavaScript", 0, 0, 84, 0, 0, 0, 0, 0, 0, 0, 0, 0, 0, 0, 0, 19, 14, 117
"/home/MictDev/Projects/GymPro/services/fitness-service/src/controllers/progressController.js", "JavaScript", 0, 0, 48, 0, 0, 0, 0, 0, 0, 0, 0, 0, 0, 0, 0, 12, 11, 71
"/home/MictDev/Projects/GymPro/services/fitness-service/src/controllers/routineController.js", "JavaScript", 0, 0, 67, 0, 0, 0, 0, 0, 0, 0, 0, 0, 0, 0, 0, 16, 14, 97
"/home/MictDev/Projects/GymPro/services/fitness-service/src/main.js", "JavaScript", 0, 0, 118, 0, 0, 0, 0, 0, 0, 0, 0, 0, 0, 0, 0, 26, 22, 166
"/home/MictDev/Projects/GymPro/services/fitness-service/src/middlewares/jwtVerify.js", "JavaScript", 0, 0, 6, 0, 0, 0, 0, 0, 0, 0, 0, 0, 0, 0, 0, 5, 3, 14
"/home/MictDev/Projects/GymPro/services/fitness-service/src/models/exerciseModel.js", "JavaScript", 0, 0, 81, 0, 0, 0, 0, 0, 0, 0, 0, 0, 0, 0, 0, 24, 18, 123
"/home/MictDev/Projects/GymPro/services/fitness-service/src/models/progressModel.js", "JavaScript", 0, 0, 66, 0, 0, 0, 0, 0, 0, 0, 0, 0, 0, 0, 0, 31, 14, 111
"/home/MictDev/Projects/GymPro/services/fitness-service/src/models/routineModel.js", "JavaScript", 0, 0, 75, 0, 0, 0, 0, 0, 0, 0, 0, 0, 0, 0, 0, 30, 16, 121
"/home/MictDev/Projects/GymPro/services/fitness-service/src/routes/exerciseRoutes.js", "JavaScript", 0, 0, 7, 0, 0, 0, 0, 0, 0, 0, 0, 0, 0, 0, 0, 6, 7, 20
"/home/MictDev/Projects/GymPro/services/fitness-service/src/routes/foodRoutes.js", "JavaScript", 0, 0, 7, 0, 0, 0, 0, 0, 0, 0, 0, 0, 0, 0, 0, 6, 7, 20
"/home/MictDev/Projects/GymPro/services/fitness-service/src/routes/internalRoutes.js", "JavaScript", 0, 0, 40, 0, 0, 0, 0, 0, 0, 0, 0, 0, 0, 0, 0, 9, 10, 59
"/home/MictDev/Projects/GymPro/services/fitness-service/src/routes/progressRoutes.js", "JavaScript", 0, 0, 26, 0, 0, 0, 0, 0, 0, 0, 0, 0, 0, 0, 0, 6, 8, 40
"/home/MictDev/Projects/GymPro/services/fitness-service/src/routes/routineRoutes.js", "JavaScript", 0, 0, 27, 0, 0, 0, 0, 0, 0, 0, 0, 0, 0, 0, 0, 7, 9, 43
"/home/MictDev/Projects/GymPro/services/fitness-service/src/services/email/emailProvider.js", "JavaScript", 0, 0, 68, 0, 0, 0, 0, 0, 0, 0, 0, 0, 0, 0, 0, 28, 14, 110
"/home/MictDev/Projects/GymPro/services/fitness-service/src/services/email/emailQueue.js", "JavaScript", 0, 0, 87, 0, 0, 0, 0, 0, 0, 0, 0, 0, 0, 0, 0, 53, 15, 155
"/home/MictDev/Projects/GymPro/services/fitness-service/src/services/email/emailTemplates.js", "JavaScript", 0, 0, 196, 0, 0, 0, 0, 0, 0, 0, 0, 0, 0, 0, 0, 56, 14, 266
"/home/MictDev/Projects/GymPro/services/fitness-service/src/services/email/emailWorker.js", "JavaScript", 0, 0, 79, 0, 0, 0, 0, 0, 0, 0, 0, 0, 0, 0, 0, 25, 16, 120
"/home/MictDev/Projects/GymPro/services/fitness-service/src/utils/postgrestSanitizer.js", "JavaScript", 0, 0, 16, 0, 0, 0, 0, 0, 0, 0, 0, 0, 0, 0, 0, 22, 5, 43
"/home/MictDev/Projects/GymPro/services/payment-service/Dockerfile", "Docker", 0, 0, 0, 0, 0, 0, 0, 0, 0, 0, 0, 0, 0, 0, 27, 5, 7, 39
"/home/MictDev/Projects/GymPro/services/payment-service/package-lock.json", "JSON", 0, 0, 0, 0, 7343, 0, 0, 0, 0, 0, 0, 0, 0, 0, 0, 0, 1, 7344
"/home/MictDev/Projects/GymPro/services/payment-service/package.json", "JSON", 0, 0, 0, 0, 39, 0, 0, 0, 0, 0, 0, 0, 0, 0, 0, 0, 1, 40
"/home/MictDev/Projects/GymPro/services/payment-service/src/config/database.js", "JavaScript", 0, 0, 28, 0, 0, 0, 0, 0, 0, 0, 0, 0, 0, 0, 0, 4, 6, 38
"/home/MictDev/Projects/GymPro/services/payment-service/src/config/environment.js", "JavaScript", 0, 0, 67, 0, 0, 0, 0, 0, 0, 0, 0, 0, 0, 0, 0, 18, 7, 92
"/home/MictDev/Projects/GymPro/services/payment-service/src/config/stripe.js", "JavaScript", 0, 0, 27, 0, 0, 0, 0, 0, 0, 0, 0, 0, 0, 0, 0, 19, 11, 57
"/home/MictDev/Projects/GymPro/services/payment-service/src/controllers/paymentController.js", "JavaScript", 0, 0, 205, 0, 0, 0, 0, 0, 0, 0, 0, 0, 0, 0, 0, 49, 31, 285
"/home/MictDev/Projects/GymPro/services/payment-service/src/controllers/subscriptionController.js", "JavaScript", 0, 0, 99, 0, 0, 0, 0, 0, 0, 0, 0, 0, 0, 0, 0, 23, 21, 143
"/home/MictDev/Projects/GymPro/services/payment-service/src/controllers/webhookController.js", "JavaScript", 0, 0, 301, 0, 0, 0, 0, 0, 0, 0, 0, 0, 0, 0, 0, 151, 60, 512
"/home/MictDev/Projects/GymPro/services/payment-service/src/main.js", "JavaScript", 0, 0, 101, 0, 0, 0, 0, 0, 0, 0, 0, 0, 0, 0, 0, 39, 21, 161
"/home/MictDev/Projects/GymPro/services/payment-service/src/middlewares/apiKeyAuth.js", "JavaScript", 0, 0, 53, 0, 0, 0, 0, 0, 0, 0, 0, 0, 0, 0, 0, 46, 16, 115
"/home/MictDev/Projects/GymPro/services/payment-service/src/middlewares/jwtVerify.js", "JavaScript", 0, 0, 6, 0, 0, 0, 0, 0, 0, 0, 0, 0, 0, 0, 0, 7, 3, 16
"/home/MictDev/Projects/GymPro/services/payment-service/src/models/paymentHistoryModel.js", "JavaScript", 0, 0, 58, 0, 0, 0, 0, 0, 0, 0, 0, 0, 0, 0, 0, 28, 10, 96
"/home/MictDev/Projects/GymPro/services/payment-service/src/models/subscriptionModel.js", "JavaScript", 0, 0, 278, 0, 0, 0, 0, 0, 0, 0, 0, 0, 0, 0, 0, 113, 40, 431
"/home/MictDev/Projects/GymPro/services/payment-service/src/routes/cashPaymentRoutes.js", "JavaScript", 0, 0, 30, 0, 0, 0, 0, 0, 0, 0, 0, 0, 0, 0, 0, 6, 7, 43
"/home/MictDev/Projects/GymPro/services/payment-service/src/routes/paymentRoutes.js", "JavaScript", 0, 0, 34, 0, 0, 0, 0, 0, 0, 0, 0, 0, 0, 0, 0, 6, 8, 48
"/home/MictDev/Projects/GymPro/services/payment-service/src/routes/subscriptionRoutes.js", "JavaScript", 0, 0, 24, 0, 0, 0, 0, 0, 0, 0, 0, 0, 0, 0, 0, 7, 9, 40
"/home/MictDev/Projects/GymPro/services/payment-service/src/routes/webhookRoutes.js", "JavaScript", 0, 0, 6, 0, 0, 0, 0, 0, 0, 0, 0, 0, 0, 0, 0, 9, 6, 21
"/home/MictDev/Projects/GymPro/services/payment-service/src/services/accessSyncService.js", "JavaScript", 0, 0, 70, 0, 0, 0, 0, 0, 0, 0, 0, 0, 0, 0, 0, 30, 9, 109
"/home/MictDev/Projects/GymPro/services/payment-service/src/services/biometricNotificationService.js", "JavaScript", 0, 0, 77, 0, 0, 0, 0, 0, 0, 0, 0, 0, 0, 0, 0, 31, 16, 124
"/home/MictDev/Projects/GymPro/services/payment-service/src/services/emailService.js", "JavaScript", 0, 0, 115, 0, 0, 0, 0, 0, 0, 0, 0, 0, 0, 0, 0, 28, 11, 154
"/home/MictDev/Projects/GymPro/services/payment-service/src/services/growthRetentionWorker.js", "JavaScript", 0, 0, 211, 0, 0, 0, 0, 0, 0, 0, 0, 0, 0, 0, 0, 42, 45, 298
"/home/MictDev/Projects/GymPro/services/payment-service/src/services/pdfService.js", "JavaScript", 0, 0, 123, 0, 0, 0, 0, 0, 0, 0, 0, 0, 0, 0, 0, 28, 31, 182
"/home/MictDev/Projects/GymPro/services/reception-hardware-controller/README.md", "Markdown", 0, 49, 0, 0, 0, 0, 0, 0, 0, 0, 0, 0, 0, 0, 0, 0, 16, 65
"/home/MictDev/Projects/GymPro/services/reception-hardware-controller/node/cash_payment_client.js", "JavaScript", 0, 0, 131, 0, 0, 0, 0, 0, 0, 0, 0, 0, 0, 0, 0, 36, 20, 187
"/home/MictDev/Projects/GymPro/services/reception-hardware-controller/node/package.json", "JSON", 0, 0, 0, 0, 19, 0, 0, 0, 0, 0, 0, 0, 0, 0, 0, 0, 1, 20
"/home/MictDev/Projects/GymPro/services/reception-hardware-controller/node/reception_controller.js", "JavaScript", 0, 0, 375, 0, 0, 0, 0, 0, 0, 0, 0, 0, 0, 0, 0, 37, 51, 463
"/home/MictDev/Projects/GymPro/services/reception-hardware-controller/python/access_api_client.py", "Python", 0, 0, 0, 0, 0, 57, 0, 0, 0, 0, 0, 0, 0, 0, 0, 25, 14, 96
"/home/MictDev/Projects/GymPro/services/reception-hardware-controller/python/config.py", "Python", 0, 0, 0, 0, 0, 29, 0, 0, 0, 0, 0, 0, 0, 0, 0, 26, 16, 71
"/home/MictDev/Projects/GymPro/services/reception-hardware-controller/python/main.py", "Python", 0, 0, 0, 0, 0, 122, 0, 0, 0, 0, 0, 0, 0, 0, 0, 36, 29, 187
"/home/MictDev/Projects/GymPro/services/reception-hardware-controller/python/qr_scanner_listener.py", "Python", 0, 0, 0, 0, 0, 192, 0, 0, 0, 0, 0, 0, 0, 0, 0, 26, 26, 244
"/home/MictDev/Projects/GymPro/services/reception-hardware-controller/python/relay_controller.py", "Python", 0, 0, 0, 0, 0, 123, 0, 0, 0, 0, 0, 0, 0, 0, 0, 30, 20, 173
"/home/MictDev/Projects/GymPro/services/reception-hardware-controller/python/requirements.txt", "pip requirements", 0, 0, 0, 0, 0, 0, 0, 5, 0, 0, 0, 0, 0, 0, 0, 1, 1, 7
"/home/MictDev/Projects/GymPro/services/reception-hardware-controller/python/thermal_printer.py", "Python", 0, 0, 0, 0, 0, 230, 0, 0, 0, 0, 0, 0, 0, 0, 0, 44, 38, 312
"Total", "-", 412, 1576, 10570, 209, 34784, 770, 37, 5, 693, 368, 12, 14359, 9, 81, 135, 5846, 4656, 74522